date,id,name,y_items,y_actual_cost,x_items,x_actual_cost
2017-11-01,Y58,"SOUTH WEST COMMISSIONING REGION",230236,3067162.3,0,0
2017-11-01,Y61,"EAST OF ENGLAND COMMISSIONING REGION",256797,3461101.55,0,0
2017-11-01,Y56,"LONDON COMMISSIONING REGION",264140,3511773.95,0,0
2017-11-01,Y59,"SOUTH EAST COMMISSIONING REGION",306193,4495620.78,0,0
2017-11-01,Y62,"NORTH WEST COMMISSIONING REGION",357226,4418606.06,0,0
2017-11-01,Y60,"MIDLANDS COMMISSIONING REGION",418850,5986164.59,0,0
2017-11-01,Y63,"NORTH EAST AND YORKSHIRE COMMISSIONING REGION",449101,5144870.73,0,0
2017-12-01,Y58,"SOUTH WEST COMMISSIONING REGION",231389,2774518.82,0,0
2017-12-01,Y61,"EAST OF ENGLAND COMMISSIONING REGION",260056,3163474.11,0,0
2017-12-01,Y56,"LONDON COMMISSIONING REGION",263855,3137418.09,0,0
2017-12-01,Y59,"SOUTH EAST COMMISSIONING REGION",309690,4075435.64,0,0
2017-12-01,Y62,"NORTH WEST COMMISSIONING REGION",358157,3919424.85,0,0
2017-12-01,Y60,"MIDLANDS COMMISSIONING REGION",421042,5428417.61,0,0
2017-12-01,Y63,"NORTH EAST AND YORKSHIRE COMMISSIONING REGION",449212,4564319.62,0,0
2018-01-01,Y58,"SOUTH WEST COMMISSIONING REGION",230526,2800626.8,0,0
2018-01-01,Y61,"EAST OF ENGLAND COMMISSIONING REGION",260619,3193814.84,0,0
2018-01-01,Y56,"LONDON COMMISSIONING REGION",270753,3245603.15,0,0
2018-01-01,Y59,"SOUTH EAST COMMISSIONING REGION",310083,4188741.28,0,0
2018-01-01,Y62,"NORTH WEST COMMISSIONING REGION",364163,4135337.94,0,0
2018-01-01,Y60,"MIDLANDS COMMISSIONING REGION",428569,5601178.89,0,0
2018-01-01,Y63,"NORTH EAST AND YORKSHIRE COMMISSIONING REGION",457204,4825233.14,0,0
2018-02-01,Y58,"SOUTH WEST COMMISSIONING REGION",210327,2317180.81,0,0
2018-02-01,Y61,"EAST OF ENGLAND COMMISSIONING REGION",235281,2607761.52,0,0
2018-02-01,Y56,"LONDON COMMISSIONING REGION",245609,2697010.35,0,0
2018-02-01,Y59,"SOUTH EAST COMMISSIONING REGION",280887,3474606.38,0,0
2018-02-01,Y62,"NORTH WEST COMMISSIONING REGION",328548,3377342.95,0,0
2018-02-01,Y60,"MIDLANDS COMMISSIONING REGION",387757,4618256.91,0,0
2018-02-01,Y63,"NORTH EAST AND YORKSHIRE COMMISSIONING REGION",411012,3881975.07,0,0
2018-03-01,Y58,"SOUTH WEST COMMISSIONING REGION",229732,2481013.37,0,0
2018-03-01,Y61,"EAST OF ENGLAND COMMISSIONING REGION",262326,2871182.92,0,0
2018-03-01,Y56,"LONDON COMMISSIONING REGION",266451,2901776.89,0,0
2018-03-01,Y59,"SOUTH EAST COMMISSIONING REGION",310011,3759187.36,0,0
2018-03-01,Y62,"NORTH WEST COMMISSIONING REGION",366041,3679459.88,0,0
2018-03-01,Y60,"MIDLANDS COMMISSIONING REGION",426987,5024580.98,0,0
2018-03-01,Y63,"NORTH EAST AND YORKSHIRE COMMISSIONING REGION",459414,4284567.83,0,0
2018-04-01,Y58,"SOUTH WEST COMMISSIONING REGION",227097,2824642.95,0,0
2018-04-01,Y61,"EAST OF ENGLAND COMMISSIONING REGION",253509,3111144.87,0,0
2018-04-01,Y56,"LONDON COMMISSIONING REGION",259313,3129787.06,0,0
2018-04-01,Y59,"SOUTH EAST COMMISSIONING REGION",302121,4113606.49,0,0
2018-04-01,Y62,"NORTH WEST COMMISSIONING REGION",351800,3987118.85,0,0
2018-04-01,Y60,"MIDLANDS COMMISSIONING REGION",413420,5465985.25,0,0
2018-04-01,Y63,"NORTH EAST AND YORKSHIRE COMMISSIONING REGION",446069,4739767.52,0,0
2018-05-01,Y58,"SOUTH WEST COMMISSIONING REGION",233951,3129083.4,0,0
2018-05-01,Y61,"EAST OF ENGLAND COMMISSIONING REGION",264609,3484367.57,0,0
2018-05-01,Y56,"LONDON COMMISSIONING REGION",271246,3580763.81,0,0
2018-05-01,Y59,"SOUTH EAST COMMISSIONING REGION",313997,4629357.4,0,0
2018-05-01,Y62,"NORTH WEST COMMISSIONING REGION",369386,4483882.74,0,0
2018-05-01,Y60,"MIDLANDS COMMISSIONING REGION",433942,6138820.17,0,0
2018-05-01,Y63,"NORTH EAST AND YORKSHIRE COMMISSIONING REGION",461254,5248399.99,0,0
2018-06-01,Y58,"SOUTH WEST COMMISSIONING REGION",230347,3148257.14,0,0
2018-06-01,Y61,"EAST OF ENGLAND COMMISSIONING REGION",259513,3490226.97,0,0
2018-06-01,Y56,"LONDON COMMISSIONING REGION",267901,3598427.63,0,0
2018-06-01,Y59,"SOUTH EAST COMMISSIONING REGION",308465,4654774.99,0,0
2018-06-01,Y62,"NORTH WEST COMMISSIONING REGION",361405,4488802.26,0,0
2018-06-01,Y60,"MIDLANDS COMMISSIONING REGION",427845,6180565.38,0,0
2018-06-01,Y63,"NORTH EAST AND YORKSHIRE COMMISSIONING REGION",453976,5277387.13,0,0
2018-07-01,Y58,"SOUTH WEST COMMISSIONING REGION",234761,2613702.17,0,0
2018-07-01,Y61,"EAST OF ENGLAND COMMISSIONING REGION",262610,2896840.37,0,0
2018-07-01,Y56,"LONDON COMMISSIONING REGION",274764,3017911.34,0,0
2018-07-01,Y59,"SOUTH EAST COMMISSIONING REGION",315765,3982677.48,0,0
2018-07-01,Y62,"NORTH WEST COMMISSIONING REGION",369114,3764704.03,0,0
2018-07-01,Y60,"MIDLANDS COMMISSIONING REGION",433833,5188899.84,0,0
2018-07-01,Y63,"NORTH EAST AND YORKSHIRE COMMISSIONING REGION",458260,4360294.54,0,0
2018-08-01,Y58,"SOUTH WEST COMMISSIONING REGION",238066,2726465.71,0,0
2018-08-01,Y61,"EAST OF ENGLAND COMMISSIONING REGION",271749,3042246.18,0,0
2018-08-01,Y56,"LONDON COMMISSIONING REGION",275345,3022027.66,0,0
2018-08-01,Y59,"SOUTH EAST COMMISSIONING REGION",319862,4119256.58,0,0
2018-08-01,Y62,"NORTH WEST COMMISSIONING REGION",379345,3973868.25,0,0
2018-08-01,Y60,"MIDLANDS COMMISSIONING REGION",445403,5408956.9,0,0
2018-08-01,Y63,"NORTH EAST AND YORKSHIRE COMMISSIONING REGION",475153,4616189.09,0,0
2018-09-01,Y58,"SOUTH WEST COMMISSIONING REGION",224634,2614513.8,0,0
2018-09-01,Y61,"EAST OF ENGLAND COMMISSIONING REGION",254959,2884085.41,0,0
2018-09-01,Y56,"LONDON COMMISSIONING REGION",262844,2906781.08,0,0
2018-09-01,Y59,"SOUTH EAST COMMISSIONING REGION",300085,3851365.17,0,0
2018-09-01,Y62,"NORTH WEST COMMISSIONING REGION",350542,3681066.58,0,0
2018-09-01,Y60,"MIDLANDS COMMISSIONING REGION",418225,5074642.55,0,0
2018-09-01,Y63,"NORTH EAST AND YORKSHIRE COMMISSIONING REGION",442733,4329842.63,0,0
2018-10-01,Y58,"SOUTH WEST COMMISSIONING REGION",242375,2655209.61,0,0
2018-10-01,Y61,"EAST OF ENGLAND COMMISSIONING REGION",274593,2979331.76,0,0
2018-10-01,Y56,"LONDON COMMISSIONING REGION",289114,3063904.84,0,0
2018-10-01,Y59,"SOUTH EAST COMMISSIONING REGION",327952,4051354.65,0,0
2018-10-01,Y62,"NORTH WEST COMMISSIONING REGION",387620,3900879.17,0,0
2018-10-01,Y60,"MIDLANDS COMMISSIONING REGION",455383,5282057.98,0,0
2018-10-01,Y63,"NORTH EAST AND YORKSHIRE COMMISSIONING REGION",482658,4475784.41,0,0
2018-11-01,Y58,"SOUTH WEST COMMISSIONING REGION",238364,2464974.46,0,0
2018-11-01,Y61,"EAST OF ENGLAND COMMISSIONING REGION",269482,2715656.32,0,0
2018-11-01,Y56,"LONDON COMMISSIONING REGION",279212,2779669.87,0,0
2018-11-01,Y59,"SOUTH EAST COMMISSIONING REGION",318306,3734138.2,0,0
2018-11-01,Y62,"NORTH WEST COMMISSIONING REGION",378943,3572115.65,0,0
2018-11-01,Y60,"MIDLANDS COMMISSIONING REGION",444207,4890115,0,0
2018-11-01,Y63,"NORTH EAST AND YORKSHIRE COMMISSIONING REGION",469242,4160756.37,0,0
2018-12-01,Y58,"SOUTH WEST COMMISSIONING REGION",237840,2492806.89,0,0
2018-12-01,Y61,"EAST OF ENGLAND COMMISSIONING REGION",271429,2770562.58,0,0
2018-12-01,Y56,"LONDON COMMISSIONING REGION",275938,2774574.08,0,0
2018-12-01,Y59,"SOUTH EAST COMMISSIONING REGION",322137,3800278.98,0,0
2018-12-01,Y62,"NORTH WEST COMMISSIONING REGION",373249,3538238.27,0,0
2018-12-01,Y60,"MIDLANDS COMMISSIONING REGION",443103,4877007.24,0,0
2018-12-01,Y63,"NORTH EAST AND YORKSHIRE COMMISSIONING REGION",469784,4159755.92,0,0
2019-01-01,Y58,"SOUTH WEST COMMISSIONING REGION",241675,2494585.34,0,0
2019-01-01,Y61,"EAST OF ENGLAND COMMISSIONING REGION",275346,2767771.23,0,0
2019-01-01,Y56,"LONDON COMMISSIONING REGION",289889,2878592.12,0,0
2019-01-01,Y59,"SOUTH EAST COMMISSIONING REGION",325814,3790749.56,0,0
2019-01-01,Y62,"NORTH WEST COMMISSIONING REGION",384661,3618649.33,0,0
2019-01-01,Y60,"MIDLANDS COMMISSIONING REGION",456350,4913592.48,0,0
2019-01-01,Y63,"NORTH EAST AND YORKSHIRE COMMISSIONING REGION",480987,4209445.64,0,0
2019-02-01,Y58,"SOUTH WEST COMMISSIONING REGION",217161,2245968.31,0,0
2019-02-01,Y56,"LONDON COMMISSIONING REGION",249399,2503309.93,0,0
2019-02-01,Y61,"EAST OF ENGLAND COMMISSIONING REGION",249590,2504082.92,0,0
2019-02-01,Y59,"SOUTH EAST COMMISSIONING REGION",290236,3401412.96,0,0
2019-02-01,Y62,"NORTH WEST COMMISSIONING REGION",333610,3170793.14,0,0
2019-02-01,Y60,"MIDLANDS COMMISSIONING REGION",406750,4442525.45,0,0
2019-02-01,Y63,"NORTH EAST AND YORKSHIRE COMMISSIONING REGION",429741,3747539,0,0
2019-03-01,Y58,"SOUTH WEST COMMISSIONING REGION",234585,2472655.62,0,0
2019-03-01,Y56,"LONDON COMMISSIONING REGION",265980,2797217.41,0,0
2019-03-01,Y61,"EAST OF ENGLAND COMMISSIONING REGION",270280,2740670.91,0,0
2019-03-01,Y59,"SOUTH EAST COMMISSIONING REGION",315977,3752611.65,0,0
2019-03-01,Y62,"NORTH WEST COMMISSIONING REGION",366780,3514252.13,0,0
2019-03-01,Y60,"MIDLANDS COMMISSIONING REGION",440643,4824660.33,0,0
2019-03-01,Y63,"NORTH EAST AND YORKSHIRE COMMISSIONING REGION",463439,4076497.8,0,0
2019-04-01,Y58,"SOUTH WEST COMMISSIONING REGION",230633,2330654.01,0,0
2019-04-01,Y56,"LONDON COMMISSIONING REGION",257139,2675027.36,0,0
2019-04-01,Y61,"EAST OF ENGLAND COMMISSIONING REGION",266672,2611815.54,0,0
2019-04-01,Y59,"SOUTH EAST COMMISSIONING REGION",314614,3575319.44,0,0
2019-04-01,Y62,"NORTH WEST COMMISSIONING REGION",373228,3415930.4,0,0
2019-04-01,Y60,"MIDLANDS COMMISSIONING REGION",438483,4655341.6,0,0
2019-04-01,Y63,"NORTH EAST AND YORKSHIRE COMMISSIONING REGION",458582,3933987.13,0,0
2019-05-01,Y58,"SOUTH WEST COMMISSIONING REGION",245275,2509754.78,0,0
2019-05-01,Y56,"LONDON COMMISSIONING REGION",272166,2893119.97,0,0
2019-05-01,Y61,"EAST OF ENGLAND COMMISSIONING REGION",282438,2799843.59,0,0
2019-05-01,Y59,"SOUTH EAST COMMISSIONING REGION",332295,3821901.56,0,0
2019-05-01,Y62,"NORTH WEST COMMISSIONING REGION",395659,3673312.16,0,0
2019-05-01,Y60,"MIDLANDS COMMISSIONING REGION",467592,5015828.12,0,0
2019-05-01,Y63,"NORTH EAST AND YORKSHIRE COMMISSIONING REGION",485855,4229915.84,0,0
2019-06-01,Y58,"SOUTH WEST COMMISSIONING REGION",227659,2351919.06,0,0
2019-06-01,Y56,"LONDON COMMISSIONING REGION",251105,2702060.94,0,0
2019-06-01,Y61,"EAST OF ENGLAND COMMISSIONING REGION",262892,2616613.19,0,0
2019-06-01,Y59,"SOUTH EAST COMMISSIONING REGION",311292,3573607.59,0,0
2019-06-01,Y62,"NORTH WEST COMMISSIONING REGION",362158,3384624.66,0,0
2019-06-01,Y60,"MIDLANDS COMMISSIONING REGION",435949,4735559.66,0,0
2019-06-01,Y63,"NORTH EAST AND YORKSHIRE COMMISSIONING REGION",452284,3923202.1,0,0
2019-07-01,Y58,"SOUTH WEST COMMISSIONING REGION",229408,2252127.27,0,0
2019-07-01,Y56,"LONDON COMMISSIONING REGION",267088,2775563.51,0,0
2019-07-01,Y61,"EAST OF ENGLAND COMMISSIONING REGION",272036,2565706.25,0,0
2019-07-01,Y59,"SOUTH EAST COMMISSIONING REGION",320188,3511014.9,0,0
2019-07-01,Y62,"NORTH WEST COMMISSIONING REGION",381395,3415133.39,0,0
2019-07-01,Y60,"MIDLANDS COMMISSIONING REGION",450066,4593711.62,0,0
2019-07-01,Y63,"NORTH EAST AND YORKSHIRE COMMISSIONING REGION",462214,3828214.58,0,0
2019-08-01,Y58,"SOUTH WEST COMMISSIONING REGION",252770,2574913.37,0,0
2019-08-01,Y56,"LONDON COMMISSIONING REGION",261460,2728301.63,0,0
2019-08-01,Y61,"EAST OF ENGLAND COMMISSIONING REGION",284008,2825624.91,0,0
2019-08-01,Y59,"SOUTH EAST COMMISSIONING REGION",342550,3900633.26,0,0
2019-08-01,Y62,"NORTH WEST COMMISSIONING REGION",397185,3684716.28,0,0
2019-08-01,Y60,"MIDLANDS COMMISSIONING REGION",477699,5073723.16,0,0
2019-08-01,Y63,"NORTH EAST AND YORKSHIRE COMMISSIONING REGION",496279,4338913.02,0,0
2019-09-01,Y58,"SOUTH WEST COMMISSIONING REGION",234819,2485417.72,0,0
2019-09-01,Y56,"LONDON COMMISSIONING REGION",257914,2822211.36,0,0
2019-09-01,Y61,"EAST OF ENGLAND COMMISSIONING REGION",269882,2687982.98,0,0
2019-09-01,Y59,"SOUTH EAST COMMISSIONING REGION",320218,3747491.26,0,0
2019-09-01,Y62,"NORTH WEST COMMISSIONING REGION",372403,3490706.81,0,0
2019-09-01,Y60,"MIDLANDS COMMISSIONING REGION",447008,4810740.36,0,0
2019-09-01,Y63,"NORTH EAST AND YORKSHIRE COMMISSIONING REGION",459473,4000791.62,0,0
2019-10-01,Y58,"SOUTH WEST COMMISSIONING REGION",247765,2565773.66,0,0
2019-10-01,Y56,"LONDON COMMISSIONING REGION",274094,2925094.98,0,0
2019-10-01,Y61,"EAST OF ENGLAND COMMISSIONING REGION",284908,2807250.89,0,0
2019-10-01,Y59,"SOUTH EAST COMMISSIONING REGION",340554,3867544.61,0,0
2019-10-01,Y62,"NORTH WEST COMMISSIONING REGION",401557,3749842.51,0,0
2019-10-01,Y60,"MIDLANDS COMMISSIONING REGION",477684,5071357.2,0,0
2019-10-01,Y63,"NORTH EAST AND YORKSHIRE COMMISSIONING REGION",493255,4267579.51,0,0
2019-11-01,Y58,"SOUTH WEST COMMISSIONING REGION",236816,2461280.44,0,0
2019-11-01,Y56,"LONDON COMMISSIONING REGION",261467,2837429.14,0,0
2019-11-01,Y61,"EAST OF ENGLAND COMMISSIONING REGION",276023,2752963.96,0,0
2019-11-01,Y59,"SOUTH EAST COMMISSIONING REGION",326565,3748010.81,0,0
2019-11-01,Y62,"NORTH WEST COMMISSIONING REGION",381251,3572590.73,0,0
2019-11-01,Y60,"MIDLANDS COMMISSIONING REGION",455313,4881938.32,0,0
2019-11-01,Y63,"NORTH EAST AND YORKSHIRE COMMISSIONING REGION",469220,4102526.42,0,0
2019-12-01,Y58,"SOUTH WEST COMMISSIONING REGION",244088,2547777.49,0,0
2019-12-01,Y56,"LONDON COMMISSIONING REGION",266838,2912149.73,0,0
2019-12-01,Y61,"EAST OF ENGLAND COMMISSIONING REGION",281424,2806307.62,0,0
2019-12-01,Y59,"SOUTH EAST COMMISSIONING REGION",336746,3889824.6,0,0
2019-12-01,Y62,"NORTH WEST COMMISSIONING REGION",391678,3679077.88,0,0
2019-12-01,Y60,"MIDLANDS COMMISSIONING REGION",469676,5059715.45,0,0
2019-12-01,Y63,"NORTH EAST AND YORKSHIRE COMMISSIONING REGION",484204,4220011.05,0,0
2020-01-01,Y58,"SOUTH WEST COMMISSIONING REGION",247236,2487188.38,0,0
2020-01-01,Y56,"LONDON COMMISSIONING REGION",273201,2841821.88,0,0
2020-01-01,Y61,"EAST OF ENGLAND COMMISSIONING REGION",286481,2716386.51,0,0
2020-01-01,Y59,"SOUTH EAST COMMISSIONING REGION",337996,3742094.6,0,0
2020-01-01,Y62,"NORTH WEST COMMISSIONING REGION",401367,3650208.84,0,0
2020-01-01,Y60,"MIDLANDS COMMISSIONING REGION",480271,4948699.25,0,0
2020-01-01,Y63,"NORTH EAST AND YORKSHIRE COMMISSIONING REGION",494372,4177345.78,0,0
2020-02-01,Y58,"SOUTH WEST COMMISSIONING REGION",226272,2289189.33,0,0
2020-02-01,Y56,"LONDON COMMISSIONING REGION",251236,2613028.52,0,0
2020-02-01,Y61,"EAST OF ENGLAND COMMISSIONING REGION",261242,2479873.38,0,0
2020-02-01,Y59,"SOUTH EAST COMMISSIONING REGION",310598,3417788.88,0,0
2020-02-01,Y62,"NORTH WEST COMMISSIONING REGION",360983,3272301.48,0,0
2020-02-01,Y60,"MIDLANDS COMMISSIONING REGION",436296,4483064.41,0,0
2020-02-01,Y63,"NORTH EAST AND YORKSHIRE COMMISSIONING REGION",444622,3730529.15,0,0
2020-03-01,Y58,"SOUTH WEST COMMISSIONING REGION",251960,2697836.04,0,0
2020-03-01,Y56,"LONDON COMMISSIONING REGION",276036,3162120.73,0,0
2020-03-01,Y61,"EAST OF ENGLAND COMMISSIONING REGION",293160,2970650.02,0,0
2020-03-01,Y59,"SOUTH EAST COMMISSIONING REGION",351001,4136022.1,0,0
2020-03-01,Y62,"NORTH WEST COMMISSIONING REGION",408267,3913550.83,0,0
2020-03-01,Y60,"MIDLANDS COMMISSIONING REGION",491909,5345348.97,0,0
2020-03-01,Y63,"NORTH EAST AND YORKSHIRE COMMISSIONING REGION",498137,4462716.73,0,0
2020-04-01,Y58,"SOUTH WEST COMMISSIONING REGION",248940,2604749.75,0,0
2020-04-01,Y56,"LONDON COMMISSIONING REGION",268259,2814878.14,0,0
2020-04-01,Y61,"EAST OF ENGLAND COMMISSIONING REGION",286130,2819974.27,0,0
2020-04-01,Y59,"SOUTH EAST COMMISSIONING REGION",338717,3788755.29,0,0
2020-04-01,Y62,"NORTH WEST COMMISSIONING REGION",395019,3714443.72,0,0
2020-04-01,Y60,"MIDLANDS COMMISSIONING REGION",473444,4989577.41,0,0
2020-04-01,Y63,"NORTH EAST AND YORKSHIRE COMMISSIONING REGION",486984,4170888.96,0,0
2020-05-01,Y58,"SOUTH WEST COMMISSIONING REGION",233788,2433277.67,0,0
2020-05-01,Y56,"LONDON COMMISSIONING REGION",257569,2704971.83,0,0
2020-05-01,Y61,"EAST OF ENGLAND COMMISSIONING REGION",272423,2648527.54,0,0
2020-05-01,Y59,"SOUTH EAST COMMISSIONING REGION",319669,3548359.53,0,0
2020-05-01,Y62,"NORTH WEST COMMISSIONING REGION",376834,3440445.3,0,0
2020-05-01,Y60,"MIDLANDS COMMISSIONING REGION",452753,4728271.7,0,0
2020-05-01,Y63,"NORTH EAST AND YORKSHIRE COMMISSIONING REGION",460230,3924316.33,0,0
2020-06-01,Y58,"SOUTH WEST COMMISSIONING REGION",239660,2550919.04,0,0
2020-06-01,Y56,"LONDON COMMISSIONING REGION",267520,2873285.77,0,0
2020-06-01,Y61,"EAST OF ENGLAND COMMISSIONING REGION",278430,2742023.42,0,0
2020-06-01,Y59,"SOUTH EAST COMMISSIONING REGION",332846,3760301.34,0,0
2020-06-01,Y62,"NORTH WEST COMMISSIONING REGION",393532,3674031.46,0,0
2020-06-01,Y60,"MIDLANDS COMMISSIONING REGION",472055,5017732.77,0,0
2020-06-01,Y63,"NORTH EAST AND YORKSHIRE COMMISSIONING REGION",478458,4118327.73,0,0
2020-07-01,Y58,"SOUTH WEST COMMISSIONING REGION",249050,2581785.74,0,0
2020-07-01,Y56,"LONDON COMMISSIONING REGION",275575,2896590.48,0,0
2020-07-01,Y61,"EAST OF ENGLAND COMMISSIONING REGION",291661,2836007.96,0,0
2020-07-01,Y59,"SOUTH EAST COMMISSIONING REGION",345982,3809980.66,0,0
2020-07-01,Y62,"NORTH WEST COMMISSIONING REGION",411436,3752734.25,0,0
2020-07-01,Y60,"MIDLANDS COMMISSIONING REGION",490948,5107911.96,0,0
2020-07-01,Y63,"NORTH EAST AND YORKSHIRE COMMISSIONING REGION",497857,4272156.79,0,0
2020-08-01,Y58,"SOUTH WEST COMMISSIONING REGION",227659,2399202.15,0,0
2020-08-01,Y56,"LONDON COMMISSIONING REGION",252844,2703679.09,0,0
2020-08-01,Y61,"EAST OF ENGLAND COMMISSIONING REGION",268364,2621790.72,0,0
2020-08-01,Y59,"SOUTH EAST COMMISSIONING REGION",313450,3529439.37,0,0
2020-08-01,Y62,"NORTH WEST COMMISSIONING REGION",372052,3452427.14,0,0
2020-08-01,Y60,"MIDLANDS COMMISSIONING REGION",443787,4633052,0,0
2020-08-01,Y63,"NORTH EAST AND YORKSHIRE COMMISSIONING REGION",454091,3918020.81,0,0
2020-09-01,Y58,"SOUTH WEST COMMISSIONING REGION",242129,2573665.83,0,0
2020-09-01,Y56,"LONDON COMMISSIONING REGION",271464,2978148.01,0,0
2020-09-01,Y61,"EAST OF ENGLAND COMMISSIONING REGION",285186,2793564.32,0,0
2020-09-01,Y59,"SOUTH EAST COMMISSIONING REGION",336750,3860421.77,0,0
2020-09-01,Y62,"NORTH WEST COMMISSIONING REGION",400544,3762978.82,0,0
2020-09-01,Y60,"MIDLANDS COMMISSIONING REGION",480339,5122787.9,0,0
2020-09-01,Y63,"NORTH EAST AND YORKSHIRE COMMISSIONING REGION",484649,4277468.06,0,0
2020-10-01,Y58,"SOUTH WEST COMMISSIONING REGION",247074,2617672.54,0,0
2020-10-01,Y56,"LONDON COMMISSIONING REGION",276884,2986131.25,0,0
2020-10-01,Y61,"EAST OF ENGLAND COMMISSIONING REGION",289511,2820509.71,0,0
2020-10-01,Y59,"SOUTH EAST COMMISSIONING REGION",344490,3932538.77,0,0
2020-10-01,Y62,"NORTH WEST COMMISSIONING REGION",407556,3812570.95,0,0
2020-10-01,Y60,"MIDLANDS COMMISSIONING REGION",487635,5164359.34,0,0
2020-10-01,Y63,"NORTH EAST AND YORKSHIRE COMMISSIONING REGION",492083,4248676.37,0,0
2020-11-01,Y58,"SOUTH WEST COMMISSIONING REGION",239248,2570625.75,0,0
2020-11-01,Y56,"LONDON COMMISSIONING REGION",265158,2863462,0,0
2020-11-01,Y61,"EAST OF ENGLAND COMMISSIONING REGION",280572,2719005.77,0,0
2020-11-01,Y59,"SOUTH EAST COMMISSIONING REGION",332130,3793058.43,0,0
2020-11-01,Y62,"NORTH WEST COMMISSIONING REGION",387195,3633603.48,0,0
2020-11-01,Y60,"MIDLANDS COMMISSIONING REGION",467720,4959996.49,0,0
2020-11-01,Y63,"NORTH EAST AND YORKSHIRE COMMISSIONING REGION",473461,4127957.52,0,0
2020-12-01,Y58,"SOUTH WEST COMMISSIONING REGION",256891,2720668.38,0,0
2020-12-01,Y56,"LONDON COMMISSIONING REGION",283640,3098710.81,0,0
2020-12-01,Y61,"EAST OF ENGLAND COMMISSIONING REGION",300676,2947658.07,0,0
2020-12-01,Y59,"SOUTH EAST COMMISSIONING REGION",359529,4117592.15,0,0
2020-12-01,Y62,"NORTH WEST COMMISSIONING REGION",425791,3982246.52,0,0
2020-12-01,Y60,"MIDLANDS COMMISSIONING REGION",508494,5412343.04,0,0
2020-12-01,Y63,"NORTH EAST AND YORKSHIRE COMMISSIONING REGION",512370,4479048.62,0,0
2021-01-01,Y58,"SOUTH WEST COMMISSIONING REGION",239590,2689338.57,0,0
2021-01-01,Y56,"LONDON COMMISSIONING REGION",269203,3025198.55,0,0
2021-01-01,Y61,"EAST OF ENGLAND COMMISSIONING REGION",283481,2928123.55,0,0
2021-01-01,Y59,"SOUTH EAST COMMISSIONING REGION",333986,3982822.06,0,0
2021-01-01,Y62,"NORTH WEST COMMISSIONING REGION",389722,3850798.74,0,0
2021-01-01,Y60,"MIDLANDS COMMISSIONING REGION",471612,5242717.79,0,0
2021-01-01,Y63,"NORTH EAST AND YORKSHIRE COMMISSIONING REGION",473328,4383749.47,0,0
2021-02-01,Y58,"SOUTH WEST COMMISSIONING REGION",225562,2462185.79,0,0
2021-02-01,Y56,"LONDON COMMISSIONING REGION",253123,2824531.89,0,0
2021-02-01,Y61,"EAST OF ENGLAND COMMISSIONING REGION",265548,2646480.89,0,0
2021-02-01,Y59,"SOUTH EAST COMMISSIONING REGION",315934,3656147.16,0,0
2021-02-01,Y62,"NORTH WEST COMMISSIONING REGION",372463,3576835.87,0,0
2021-02-01,Y60,"MIDLANDS COMMISSIONING REGION",446779,4845867.86,0,0
2021-02-01,Y63,"NORTH EAST AND YORKSHIRE COMMISSIONING REGION",448616,4017487.79,0,0
2021-03-01,Y58,"SOUTH WEST COMMISSIONING REGION",251061,2770431.64,0,0
2021-03-01,Y56,"LONDON COMMISSIONING REGION",283782,3210226.59,0,0
2021-03-01,Y61,"EAST OF ENGLAND COMMISSIONING REGION",296427,2996807.71,0,0
2021-03-01,Y59,"SOUTH EAST COMMISSIONING REGION",352347,4138898.79,0,0
2021-03-01,Y62,"NORTH WEST COMMISSIONING REGION",419270,4010964,0,0
2021-03-01,Y60,"MIDLANDS COMMISSIONING REGION",498027,5417628.19,0,0
2021-03-01,Y63,"NORTH EAST AND YORKSHIRE COMMISSIONING REGION",505713,4542320.79,0,0
2021-04-01,Y58,"SOUTH WEST COMMISSIONING REGION",246278,2725873.09,0,0
2021-04-01,Y56,"LONDON COMMISSIONING REGION",273983,3129987.98,0,0
2021-04-01,Y61,"EAST OF ENGLAND COMMISSIONING REGION",288615,2938795.65,0,0
2021-04-01,Y59,"SOUTH EAST COMMISSIONING REGION",341307,4023829.05,0,0
2021-04-01,Y62,"NORTH WEST COMMISSIONING REGION",408654,3994741.17,0,0
2021-04-01,Y63,"NORTH EAST AND YORKSHIRE COMMISSIONING REGION",488331,4452165.61,0,0
2021-04-01,Y60,"MIDLANDS COMMISSIONING REGION",492248,5423538.53,0,0
2021-05-01,Y58,"SOUTH WEST COMMISSIONING REGION",235686,2626135.5,0,0
2021-05-01,Y56,"LONDON COMMISSIONING REGION",264802,3004984.82,0,0
2021-05-01,Y61,"EAST OF ENGLAND COMMISSIONING REGION",278025,2843327.37,0,0
2021-05-01,Y59,"SOUTH EAST COMMISSIONING REGION",329213,3919242.37,0,0
2021-05-01,Y62,"NORTH WEST COMMISSIONING REGION",386149,3741069.61,0,0
2021-05-01,Y63,"NORTH EAST AND YORKSHIRE COMMISSIONING REGION",465606,4222435.23,0,0
2021-05-01,Y60,"MIDLANDS COMMISSIONING REGION",466546,5180594.37,0,0
2021-06-01,Y58,"SOUTH WEST COMMISSIONING REGION",248208,2728424.59,0,0
2021-06-01,Y56,"LONDON COMMISSIONING REGION",279932,3148830.44,0,0
2021-06-01,Y61,"EAST OF ENGLAND COMMISSIONING REGION",293893,2988928.66,0,0
2021-06-01,Y59,"SOUTH EAST COMMISSIONING REGION",348210,4073283.99,0,0
2021-06-01,Y62,"NORTH WEST COMMISSIONING REGION",413027,4006410.79,0,0
2021-06-01,Y60,"MIDLANDS COMMISSIONING REGION",496000,5435229.43,0,0
2021-06-01,Y63,"NORTH EAST AND YORKSHIRE COMMISSIONING REGION",498256,4531883.68,0,0
2021-07-01,Y58,"SOUTH WEST COMMISSIONING REGION",251261,2644329.4,0,0
2021-07-01,Y56,"LONDON COMMISSIONING REGION",281859,3062138.49,0,0
2021-07-01,Y61,"EAST OF ENGLAND COMMISSIONING REGION",298260,2860331.74,0,0
2021-07-01,Y59,"SOUTH EAST COMMISSIONING REGION",352605,3993363.38,0,0
2021-07-01,Y62,"NORTH WEST COMMISSIONING REGION",414410,3793291.27,0,0
2021-07-01,Y63,"NORTH EAST AND YORKSHIRE COMMISSIONING REGION",496008,4254452.25,0,0
2021-07-01,Y60,"MIDLANDS COMMISSIONING REGION",501137,5228054.16,0,0
2021-08-01,Y58,"SOUTH WEST COMMISSIONING REGION",238394,2479463.56,0,0
2021-08-01,Y56,"LONDON COMMISSIONING REGION",267941,2789575.77,0,0
2021-08-01,Y61,"EAST OF ENGLAND COMMISSIONING REGION",283848,2698828.71,0,0
2021-08-01,Y59,"SOUTH EAST COMMISSIONING REGION",333477,3723895.44,0,0
2021-08-01,Y62,"NORTH WEST COMMISSIONING REGION",395603,3585424.89,0,0
2021-08-01,Y60,"MIDLANDS COMMISSIONING REGION",479067,4958201.56,0,0
2021-08-01,Y63,"NORTH EAST AND YORKSHIRE COMMISSIONING REGION",482428,4125957.5,0,0
2021-09-01,Y58,"SOUTH WEST COMMISSIONING REGION",246204,2577896.1,0,0
2021-09-01,Y56,"LONDON COMMISSIONING REGION",278596,2991869.78,0,0
2021-09-01,Y61,"EAST OF ENGLAND COMMISSIONING REGION",293607,2797646.5,0,0
2021-09-01,Y59,"SOUTH EAST COMMISSIONING REGION",348561,3948431.38,0,0
2021-09-01,Y62,"NORTH WEST COMMISSIONING REGION",417186,3773315.66,0,0
2021-09-01,Y63,"NORTH EAST AND YORKSHIRE COMMISSIONING REGION",494764,4236048.19,0,0
2021-09-01,Y60,"MIDLANDS COMMISSIONING REGION",502099,5168135.17,0,0
2021-10-01,Y58,"SOUTH WEST COMMISSIONING REGION",234129,2458947.07,0,0
2021-10-01,Y56,"LONDON COMMISSIONING REGION",270669,2872986.79,0,0
2021-10-01,Y61,"EAST OF ENGLAND COMMISSIONING REGION",283200,2708630.5,0,0
2021-10-01,Y59,"SOUTH EAST COMMISSIONING REGION",334490,3695418.14,0,0
2021-10-01,Y62,"NORTH WEST COMMISSIONING REGION",399380,3599500.4,0,0
2021-10-01,Y63,"NORTH EAST AND YORKSHIRE COMMISSIONING REGION",476960,4014373.1,0,0
2021-10-01,Y60,"MIDLANDS COMMISSIONING REGION",478079,4925764.17,0,0
2021-11-01,Y58,"SOUTH WEST COMMISSIONING REGION",247347,2594407.18,0,0
2021-11-01,Y56,"LONDON COMMISSIONING REGION",279083,2960568.36,0,0
2021-11-01,Y61,"EAST OF ENGLAND COMMISSIONING REGION",291962,2792114.99,0,0
2021-11-01,Y59,"SOUTH EAST COMMISSIONING REGION",347158,3932346.68,0,0
2021-11-01,Y62,"NORTH WEST COMMISSIONING REGION",411093,3686922.47,0,0
2021-11-01,Y63,"NORTH EAST AND YORKSHIRE COMMISSIONING REGION",491912,4191186.54,0,0
2021-11-01,Y60,"MIDLANDS COMMISSIONING REGION",496118,5152806.71,0,0
2021-12-01,Y58,"SOUTH WEST COMMISSIONING REGION",259937,2744412.31,0,0
2021-12-01,Y56,"LONDON COMMISSIONING REGION",286674,3082603.69,0,0
2021-12-01,Y61,"EAST OF ENGLAND COMMISSIONING REGION",309418,2976385.92,0,0
2021-12-01,Y59,"SOUTH EAST COMMISSIONING REGION",367650,4134725.01,0,0
2021-12-01,Y62,"NORTH WEST COMMISSIONING REGION",433548,3931979.35,0,0
2021-12-01,Y63,"NORTH EAST AND YORKSHIRE COMMISSIONING REGION",518844,4421062.9,0,0
2021-12-01,Y60,"MIDLANDS COMMISSIONING REGION",524537,5420889.76,0,0
2022-01-01,Y58,"SOUTH WEST COMMISSIONING REGION",241976,2407858.89,0,0
2022-01-01,Y56,"LONDON COMMISSIONING REGION",279415,2825602.46,0,0
2022-01-01,Y61,"EAST OF ENGLAND COMMISSIONING REGION",293334,2665889.1,0,0
2022-01-01,Y59,"SOUTH EAST COMMISSIONING REGION",342977,3653929.47,0,0
2022-01-01,Y62,"NORTH WEST COMMISSIONING REGION",404501,3447061.22,0,0
2022-01-01,Y63,"NORTH EAST AND YORKSHIRE COMMISSIONING REGION",483641,3934410.37,0,0
2022-01-01,Y60,"MIDLANDS COMMISSIONING REGION",489534,4778236.29,0,0
2022-02-01,Y58,"SOUTH WEST COMMISSIONING REGION",225643,2220442.09,0,0
2022-02-01,Y56,"LONDON COMMISSIONING REGION",260671,2603078.97,0,0
2022-02-01,Y61,"EAST OF ENGLAND COMMISSIONING REGION",272258,2451081.32,0,0
2022-02-01,Y59,"SOUTH EAST COMMISSIONING REGION",324974,3452418.42,0,0
2022-02-01,Y62,"NORTH WEST COMMISSIONING REGION",380219,3242925.07,0,0
2022-02-01,Y63,"NORTH EAST AND YORKSHIRE COMMISSIONING REGION",456605,3689542.31,0,0
2022-02-01,Y60,"MIDLANDS COMMISSIONING REGION",462817,4512982.45,0,0
2022-03-01,Y58,"SOUTH WEST COMMISSIONING REGION",256135,2591443.19,0,0
2022-03-01,Y56,"LONDON COMMISSIONING REGION",291515,2995120.54,0,0
2022-03-01,Y61,"EAST OF ENGLAND COMMISSIONING REGION",306975,2810139.49,0,0
2022-03-01,Y59,"SOUTH EAST COMMISSIONING REGION",363622,3869198.98,0,0
2022-03-01,Y62,"NORTH WEST COMMISSIONING REGION",434773,3679726.85,0,0
2022-03-01,Y63,"NORTH EAST AND YORKSHIRE COMMISSIONING REGION",513785,4125943.08,0,0
2022-03-01,Y60,"MIDLANDS COMMISSIONING REGION",522373,5110143.04,0,0
2022-04-01,Y58,"SOUTH WEST COMMISSIONING REGION",241854,2383004.08,0,0
2022-04-01,Y56,"LONDON COMMISSIONING REGION",278896,2749991.06,0,0
2022-04-01,Y61,"EAST OF ENGLAND COMMISSIONING REGION",289881,2572655.4,0,0
2022-04-01,Y59,"SOUTH EAST COMMISSIONING REGION",343746,3625739.78,0,0
2022-04-01,Y62,"NORTH WEST COMMISSIONING REGION",408206,3450650.18,0,0
2022-04-01,Y63,"NORTH EAST AND YORKSHIRE COMMISSIONING REGION",484556,3876231.03,0,0
2022-04-01,Y60,"MIDLANDS COMMISSIONING REGION",488863,4718067.24,0,0
2022-05-01,Y58,"SOUTH WEST COMMISSIONING REGION",250038,2543106.43,0,0
2022-05-01,Y56,"LONDON COMMISSIONING REGION",284922,2899481.02,0,0
2022-05-01,Y61,"EAST OF ENGLAND COMMISSIONING REGION",302472,2762701.82,0,0
2022-05-01,Y59,"SOUTH EAST COMMISSIONING REGION",357796,3820896.18,0,0
2022-05-01,Y62,"NORTH WEST COMMISSIONING REGION",420702,3610442.03,0,0
2022-05-01,Y63,"NORTH EAST AND YORKSHIRE COMMISSIONING REGION",503319,4125560.79,0,0
2022-05-01,Y60,"MIDLANDS COMMISSIONING REGION",513097,5080517.12,0,0
2022-06-01,Y58,"SOUTH WEST COMMISSIONING REGION",243935,2517686.3,0,0
2022-06-01,Y56,"LONDON COMMISSIONING REGION",283184,2897405.37,0,0
2022-06-01,Y61,"EAST OF ENGLAND COMMISSIONING REGION",297438,2754302.14,0,0
2022-06-01,Y59,"SOUTH EAST COMMISSIONING REGION",350512,3800446.29,0,0
2022-06-01,Y62,"NORTH WEST COMMISSIONING REGION",415883,3598912.01,0,0
2022-06-01,Y63,"NORTH EAST AND YORKSHIRE COMMISSIONING REGION",491383,4038288.87,0,0
2022-06-01,Y60,"MIDLANDS COMMISSIONING REGION",500871,4950610.27,0,0
2022-07-01,Y58,"SOUTH WEST COMMISSIONING REGION",242453,2482312.77,0,0
2022-07-01,Y56,"LONDON COMMISSIONING REGION",280825,2884235.65,0,0
2022-07-01,Y61,"EAST OF ENGLAND COMMISSIONING REGION",293042,2691333.05,0,0
2022-07-01,Y59,"SOUTH EAST COMMISSIONING REGION",347352,3767079.51,0,0
2022-07-01,Y62,"NORTH WEST COMMISSIONING REGION",412139,3561028.79,0,0
2022-07-01,Y63,"NORTH EAST AND YORKSHIRE COMMISSIONING REGION",490473,4043097.81,0,0
2022-07-01,Y60,"MIDLANDS COMMISSIONING REGION",500271,4985638.79,0,0
2022-08-01,Y58,"SOUTH WEST COMMISSIONING REGION",250213,2540250.85,0,0
2022-08-01,Y56,"LONDON COMMISSIONING REGION",286067,2870396.53,0,0
2022-08-01,Y61,"EAST OF ENGLAND COMMISSIONING REGION",303433,2778268.18,0,0
2022-08-01,Y59,"SOUTH EAST COMMISSIONING REGION",357161,3819922.24,0,0
2022-08-01,Y62,"NORTH WEST COMMISSIONING REGION",424249,3631032.41,0,0
2022-08-01,Y63,"NORTH EAST AND YORKSHIRE COMMISSIONING REGION",508414,4147412.68,0,0
2022-08-01,Y60,"MIDLANDS COMMISSIONING REGION",515905,5067542.79,0,0
2022-09-01,Y58,"SOUTH WEST COMMISSIONING REGION",247147,2576765.53,0,0
2022-09-01,Y56,"LONDON COMMISSIONING REGION",287632,3034085.23,0,0
2022-09-01,Y61,"EAST OF ENGLAND COMMISSIONING REGION",300829,2806979.72,0,0
2022-09-01,Y59,"SOUTH EAST COMMISSIONING REGION",352826,3858132.72,0,0
2022-09-01,Y62,"NORTH WEST COMMISSIONING REGION",422776,3696638.03,0,0
2022-09-01,Y63,"NORTH EAST AND YORKSHIRE COMMISSIONING REGION",498583,4193979.72,0,0
2022-09-01,Y60,"MIDLANDS COMMISSIONING REGION",512291,5167783.29,0,0
2022-10-01,Y58,"SOUTH WEST COMMISSIONING REGION",245429,2558409.18,0,0
2022-10-01,Y56,"LONDON COMMISSIONING REGION",286031,2950035.78,0,0
2022-10-01,Y61,"EAST OF ENGLAND COMMISSIONING REGION",296894,2733320.71,0,0
2022-10-01,Y59,"SOUTH EAST COMMISSIONING REGION",352696,3864321.09,0,0
2022-10-01,Y62,"NORTH WEST COMMISSIONING REGION",412083,3610694.1,0,0
2022-10-01,Y63,"NORTH EAST AND YORKSHIRE COMMISSIONING REGION",495765,4184196.11,0,0
2022-10-01,Y60,"MIDLANDS COMMISSIONING REGION",502035,5074172.8,0,0